<?xml version="1.0" encoding="UTF-8"?>
<GenRun Id="synth_1" LaunchPart="xc7a35tcpg236-1" LaunchTime="1670725653">
  <File Type="PA-TCL" Name="top_level_test.tcl"/>
  <File Type="REPORTS-TCL" Name="top_level_test_reports.tcl"/>
  <File Type="RDS-RDS" Name="top_level_test.vds"/>
  <File Type="RDS-UTIL" Name="top_level_test_utilization_synth.rpt"/>
  <File Type="RDS-UTIL-PB" Name="top_level_test_utilization_synth.pb"/>
  <File Type="RDS-DCP" Name="top_level_test.dcp"/>
  <FileSet Name="sources" Type="DesignSrcs" RelSrcDir="$PSRCDIR/sources_1">
    <Filter Type="Srcs"/>
    <File Path="$PSRCDIR/sources_1/imports/new/VGA_controller.v">
      <FileInfo>
        <Attr Name="ImportPath" Val="$PPRDIR/../../../../../../../../../../../../Desktop/UCSC Fall 2022/CSE 100/CSE 100 Labs/Lab 6/lab_6/lab_6.srcs/sources_1/new/VGA_controller.v"/>
        <Attr Name="ImportTime" Val="1669093307"/>
        <Attr Name="UsedIn" Val="synthesis"/>
        <Attr Name="UsedIn" Val="implementation"/>
        <Attr Name="UsedIn" Val="simulation"/>
      </FileInfo>
    </File>
    <File Path="$PSRCDIR/sources_1/new/bad_apple_data_1.v">
      <FileInfo>
        <Attr Name="ImportPath" Val="$PPRDIR/../../../../bad_apple.srcs/sources_1/new/bad_apple_data_1.v"/>
        <Attr Name="ImportTime" Val="1670722058"/>
        <Attr Name="UsedIn" Val="synthesis"/>
        <Attr Name="UsedIn" Val="implementation"/>
        <Attr Name="UsedIn" Val="simulation"/>
      </FileInfo>
    </File>
    <File Path="$PSRCDIR/sources_1/new/bad_apple_data_2.v">
      <FileInfo>
        <Attr Name="ImportPath" Val="$PPRDIR/../../../../bad_apple.srcs/sources_1/new/bad_apple_data_2.v"/>
        <Attr Name="ImportTime" Val="1670724039"/>
        <Attr Name="UsedIn" Val="synthesis"/>
        <Attr Name="UsedIn" Val="implementation"/>
        <Attr Name="UsedIn" Val="simulation"/>
      </FileInfo>
    </File>
    <File Path="$PSRCDIR/sources_1/new/bad_apple_data_3.v">
      <FileInfo>
        <Attr Name="ImportPath" Val="$PPRDIR/../../../../bad_apple.srcs/sources_1/new/bad_apple_data_3.v"/>
        <Attr Name="ImportTime" Val="1670724134"/>
        <Attr Name="UsedIn" Val="synthesis"/>
        <Attr Name="UsedIn" Val="implementation"/>
        <Attr Name="UsedIn" Val="simulation"/>
      </FileInfo>
    </File>
    <File Path="$PSRCDIR/sources_1/new/bad_apple_data_processing.v">
      <FileInfo>
        <Attr Name="ImportPath" Val="$PPRDIR/../../../../../../../../../../../../Desktop/UCSC Fall 2022/CSE 100/CSE 100 Labs/Bad Apple/bad_apple/bad_apple.srcs/sources_1/new/bad_apple_data_processing.v"/>
        <Attr Name="ImportTime" Val="1670634369"/>
        <Attr Name="UsedIn" Val="synthesis"/>
        <Attr Name="UsedIn" Val="implementation"/>
        <Attr Name="UsedIn" Val="simulation"/>
      </FileInfo>
    </File>
    <File Path="$PSRCDIR/sources_1/new/bad_apple_render.v">
      <FileInfo>
        <Attr Name="ImportPath" Val="$PPRDIR/../../../../../../../../../../../../Desktop/UCSC Fall 2022/CSE 100/CSE 100 Labs/Bad Apple/bad_apple/bad_apple.srcs/sources_1/new/bad_apple_render.v"/>
        <Attr Name="ImportTime" Val="1670643958"/>
        <Attr Name="UsedIn" Val="synthesis"/>
        <Attr Name="UsedIn" Val="implementation"/>
        <Attr Name="UsedIn" Val="simulation"/>
      </FileInfo>
    </File>
    <File Path="$PSRCDIR/sources_1/imports/new/counter_10_bit.v">
      <FileInfo>
        <Attr Name="ImportPath" Val="$PPRDIR/../../../../../../../../../../../../Desktop/UCSC Fall 2022/CSE 100/CSE 100 Labs/Lab 6/lab_6/lab_6.srcs/sources_1/new/counter_10_bit.v"/>
        <Attr Name="ImportTime" Val="1669093307"/>
        <Attr Name="UsedIn" Val="synthesis"/>
        <Attr Name="UsedIn" Val="implementation"/>
        <Attr Name="UsedIn" Val="simulation"/>
      </FileInfo>
    </File>
    <File Path="$PSRCDIR/sources_1/new/counter_16_bit.v">
      <FileInfo>
        <Attr Name="ImportPath" Val="$PPRDIR/../../../../../../../../../../../../Desktop/UCSC Fall 2022/CSE 100/CSE 100 Labs/Bad Apple/bad_apple/bad_apple.srcs/sources_1/new/counter_16_bit.v"/>
        <Attr Name="ImportTime" Val="1670629362"/>
        <Attr Name="UsedIn" Val="synthesis"/>
        <Attr Name="UsedIn" Val="implementation"/>
        <Attr Name="UsedIn" Val="simulation"/>
      </FileInfo>
    </File>
    <File Path="$PSRCDIR/sources_1/imports/new/edge_detector.v">
      <FileInfo>
        <Attr Name="ImportPath" Val="$PPRDIR/../../../../../../../../../../../../Desktop/UCSC Fall 2022/CSE 100/CSE 100 Labs/Lab 6/lab_6/lab_6.srcs/sources_1/new/edge_detector.v"/>
        <Attr Name="ImportTime" Val="1669093307"/>
        <Attr Name="UsedIn" Val="synthesis"/>
        <Attr Name="UsedIn" Val="implementation"/>
        <Attr Name="UsedIn" Val="simulation"/>
      </FileInfo>
    </File>
    <File Path="$PSRCDIR/sources_1/imports/sources_1/imports/new/hex7seg.v">
      <FileInfo>
        <Attr Name="ImportPath" Val="$PPRDIR/../../../../../../lab_6/lab_6.srcs/sources_1/imports/sources_1/imports/new/hex7seg.v"/>
        <Attr Name="ImportTime" Val="1670722834"/>
        <Attr Name="UsedIn" Val="synthesis"/>
        <Attr Name="UsedIn" Val="implementation"/>
        <Attr Name="UsedIn" Val="simulation"/>
      </FileInfo>
    </File>
    <File Path="$PSRCDIR/sources_1/imports/Downloads/labVGA_clks.v">
      <FileInfo>
        <Attr Name="ImportPath" Val="$PPRDIR/../../../../../../../../../../../../Desktop/UCSC Fall 2022/CSE 100/CSE 100 Labs/Lab 6/lab_6/lab_6.srcs/sources_1/imports/Downloads/labVGA_clks.v"/>
        <Attr Name="ImportTime" Val="1669093307"/>
        <Attr Name="UsedIn" Val="synthesis"/>
        <Attr Name="UsedIn" Val="implementation"/>
        <Attr Name="UsedIn" Val="simulation"/>
      </FileInfo>
    </File>
    <File Path="$PSRCDIR/sources_1/imports/sources_1/new/ringCounter.v">
      <FileInfo>
        <Attr Name="ImportPath" Val="$PPRDIR/../../../../../../lab_6/lab_6.srcs/sources_1/imports/sources_1/new/ringCounter.v"/>
        <Attr Name="ImportTime" Val="1670722834"/>
        <Attr Name="UsedIn" Val="synthesis"/>
        <Attr Name="UsedIn" Val="implementation"/>
        <Attr Name="UsedIn" Val="simulation"/>
      </FileInfo>
    </File>
    <File Path="$PSRCDIR/sources_1/imports/sources_1/new/selector.v">
      <FileInfo>
        <Attr Name="ImportPath" Val="$PPRDIR/../../../../../../lab_6/lab_6.srcs/sources_1/imports/sources_1/new/selector.v"/>
        <Attr Name="ImportTime" Val="1670722835"/>
        <Attr Name="UsedIn" Val="synthesis"/>
        <Attr Name="UsedIn" Val="implementation"/>
        <Attr Name="UsedIn" Val="simulation"/>
      </FileInfo>
    </File>
    <File Path="$PSRCDIR/sources_1/new/top_level_test.v">
      <FileInfo>
        <Attr Name="ImportPath" Val="$PPRDIR/../../../../../../../../../../../../Desktop/UCSC Fall 2022/CSE 100/CSE 100 Labs/Bad Apple/bad_apple/bad_apple.srcs/sources_1/new/top_level_test.v"/>
        <Attr Name="ImportTime" Val="1670712641"/>
        <Attr Name="UsedIn" Val="synthesis"/>
        <Attr Name="UsedIn" Val="implementation"/>
        <Attr Name="UsedIn" Val="simulation"/>
      </FileInfo>
    </File>
    <File Path="$PSRCDIR/sources_1/new/bad_apple_test_data.v">
      <FileInfo>
        <Attr Name="AutoDisabled" Val="1"/>
        <Attr Name="ImportPath" Val="$PPRDIR/../../../../../../../../../../../../Desktop/UCSC Fall 2022/CSE 100/CSE 100 Labs/Bad Apple/bad_apple/bad_apple.srcs/sources_1/new/bad_apple_test_data.v"/>
        <Attr Name="ImportTime" Val="1670714664"/>
        <Attr Name="UsedIn" Val="synthesis"/>
        <Attr Name="UsedIn" Val="implementation"/>
        <Attr Name="UsedIn" Val="simulation"/>
      </FileInfo>
    </File>
    <File Path="$PSRCDIR/sources_1/new/data.v">
      <FileInfo>
        <Attr Name="AutoDisabled" Val="1"/>
        <Attr Name="ImportPath" Val="$PPRDIR/../../../../../../../../../../../../Desktop/UCSC Fall 2022/CSE 100/CSE 100 Labs/Bad Apple/bad_apple/bad_apple.srcs/sources_1/new/data.v"/>
        <Attr Name="ImportTime" Val="1670581675"/>
        <Attr Name="UsedIn" Val="synthesis"/>
        <Attr Name="UsedIn" Val="implementation"/>
        <Attr Name="UsedIn" Val="simulation"/>
      </FileInfo>
    </File>
    <File Path="$PSRCDIR/sources_1/imports/bad_apple/bad_apple_yin_yang_data.txt">
      <FileInfo>
        <Attr Name="ImportPath" Val="$PPRDIR/../../../../../../../../../../../../Desktop/UCSC Fall 2022/CSE 100/CSE 100 Labs/Bad Apple/bad_apple/bad_apple_yin_yang_data.txt"/>
        <Attr Name="ImportTime" Val="1670624111"/>
      </FileInfo>
    </File>
    <File Path="$PSRCDIR/sources_1/imports/bad_apple/archive_project_summary.txt">
      <FileInfo>
        <Attr Name="ImportPath" Val="$PPRDIR/../../../../archive_project_summary.txt"/>
        <Attr Name="ImportTime" Val="1670718718"/>
      </FileInfo>
    </File>
    <File Path="$PSRCDIR/sources_1/imports/Desktop/bad_apple_intro.txt">
      <FileInfo>
        <Attr Name="ImportPath" Val="$PPRDIR/../../../../../../bad_apple_intro.txt"/>
        <Attr Name="ImportTime" Val="1670719797"/>
      </FileInfo>
    </File>
    <File Path="$PSRCDIR/sources_1/imports/Desktop/bad_apple_32x32_7fps_data_1.txt">
      <FileInfo>
        <Attr Name="ImportPath" Val="$PPRDIR/../../../../../../bad_apple_32x32_7fps_data_1.txt"/>
        <Attr Name="ImportTime" Val="1670721823"/>
      </FileInfo>
    </File>
    <File Path="$PSRCDIR/sources_1/imports/Desktop/bad_apple_32x32_7fps_data_2.txt">
      <FileInfo>
        <Attr Name="ImportPath" Val="$PPRDIR/../../../../../../bad_apple_32x32_7fps_data_2.txt"/>
        <Attr Name="ImportTime" Val="1670723858"/>
      </FileInfo>
    </File>
    <File Path="$PSRCDIR/sources_1/imports/Desktop/bad_apple_32x32_7fps_data_3.txt">
      <FileInfo>
        <Attr Name="ImportPath" Val="$PPRDIR/../../../../../../bad_apple_32x32_7fps_data_3.txt"/>
        <Attr Name="ImportTime" Val="1670723872"/>
      </FileInfo>
    </File>
    <Config>
      <Option Name="DesignMode" Val="RTL"/>
      <Option Name="TopModule" Val="top_level_test"/>
    </Config>
  </FileSet>
  <FileSet Name="constrs_in" Type="Constrs" RelSrcDir="$PSRCDIR/constrs_1">
    <Filter Type="Constrs"/>
    <File Path="$PSRCDIR/constrs_1/imports/CSE 100 Labs/Basys3_Master.xdc">
      <FileInfo>
        <Attr Name="ImportPath" Val="$PPRDIR/../../../../../../../../../../../../Desktop/UCSC Fall 2022/CSE 100/CSE 100 Labs/Basys3_Master.xdc"/>
        <Attr Name="ImportTime" Val="1664177626"/>
        <Attr Name="UsedIn" Val="synthesis"/>
        <Attr Name="UsedIn" Val="implementation"/>
      </FileInfo>
    </File>
    <Config>
      <Option Name="ConstrsType" Val="XDC"/>
    </Config>
  </FileSet>
  <FileSet Name="utils" Type="Utils" RelSrcDir="$PSRCDIR/utils_1">
    <Filter Type="Utils"/>
    <Config>
      <Option Name="TopAutoSet" Val="TRUE"/>
    </Config>
  </FileSet>
  <Strategy Version="1" Minor="2">
    <StratHandle Name="Vivado Synthesis Defaults" Flow="Vivado Synthesis 2019"/>
    <Step Id="synth_design"/>
  </Strategy>
</GenRun>
